-- INSERTA LOS NIVELES DE USUARIO 
INSERT INTO rol(nombre, status) VALUES ('Administrador', '1'), ('Gerente', '1'), ('Empleado', '1'), ('Cliente', '1');

-- INSERTA LOS PRODUCTOS
-- INSERT INTO producto (cod_producto, descripcion, composicion, contraindicaciones, ubicacion, posologia, stock, p_venta, vencimiento, status) VALUES
-- (1, 'Paracetamol', 'asdjgjdsag', 'sjdgjadsg', 'jsdgjdsg', 'jsdajdasg', '10', '5', '2023-01-25', 1),
-- (2, 'Acetominafen', 'asdjgjadsg', 'jsadjasdg', 'jsadjadsg', 'sajdadjsg', '8', '6', '2023-01-02', 1),
-- (3, 'Ibuprofeno', 'jadsjadsg', 'asjdjgds', 'jasdjgds', 'jasdgjds', '20', '9', '2023-01-16', 1);

-- INSERTA USUARIO ADMIN

INSERT INTO usuario (cedula, nombre, apellido, correo, password, rol, img, status) VALUES ('123123', 'admin', 'admin', 'admin@admin.com', '$2y$10$IQ3tD7JwCMoBHFwv6P4YteAgNOnlevdqxZYwtR8XfvkebK0It3RN.', '1', NULL, '1');

-- INSERTA LOS CLIENTES
INSERT INTO cliente(cedula, nombre, apellido, direccion, status) VALUES 
('30233547','Enmanuel','Torres','Tierra Negra',1),
('29727935','Michelle','Torres','Tierra Negra',1),
('28956745','Victor','Aparicio','Chivacoa',1);
INSERT INTO contacto_cliente (celular, correo, cedula) VALUES 
('04123893311', 'victor123@gmail.com', '28956745'), 
('04145443212', 'torresmichell213@hotmail.com', '29727935'), 
('04163889393', 'enmanuel551@email.es', '30233547');

-- INSERTA LOS LABORATORIOS
INSERT INTO laboratorio(rif, direccion, razon_social, status) VALUES 
(0000000,'ninguno','NO ASIGNADO',1),
(1234567,'Av. Venezuela','MedicalCare',1),
(7788564,'Pueblo Nuevo','Bayer',1),
(2394739,'Pueblo Nuevo','Geven',1);

INSERT INTO contacto_lab (telefono, contacto, cod_lab) VALUES 
('0251939333', NULL, '2'), ('04128883131', NULL, '4'), ('02510503132', NULL, '3');

-- INSERTA LAS PROVEEDOR
INSERT INTO proveedor(rif, direccion, razon_social, status) VALUES 
(12345678,'Av.Venezuela','DroNena',1),
(34534565,'Pueblo Nuevo','DroAra',1),
(12232432,'Centro','DroNose',1);

INSERT INTO contacto_prove (telefono, contacto, cod_prove) VALUES 
('02513993323', NULL, '1'), ('0412949331', NULL, '2'), ('02519393888', 'drogueriaAra.com', '3');

-- INSERTA LAS PRECENTACIONES
INSERT INTO presentacion (cod_pres, cantidad, medida, peso, status) VALUES
(1,'','NO ASIGNADO',0,1),
(2, 30, 'mg', '250.00', 1),
(3, 50, 'mg', '500.00', 1),
(4, 20, 'lts', '1.00', 1),
(5, 100, 'mg', '20.00', 1);
-- INSERTA LAS TIPO
INSERT INTO tipo(des_tipo, status) VALUES 
('NO ASIGNADO',1),
('Adulto',1),
('Pediatrico',1);
-- INSERTA LAS CLASE
INSERT INTO clase(des_clase, status) VALUES ('NO ASIGNADO',1);

INSERT INTO tipo_pago(id_tipo_pago, des_tipo_pago, online, status) VALUES 
(1,'Tarjeta de credito',0,1),
(2,'Efectivo',0,1),
(3,'Divisa',0,1),
(4,'Pago movil',1,1);

INSERT INTO moneda(id_moneda, nombre, status) VALUES(1, 'Dolar', 1), (2, 'Euro', 1);
INSERT INTO cambio(cambio, fecha, moneda, status) VALUES('35', DEFAULT, 1, 1), ('40', DEFAULT, 2, 1);

INSERT INTO modulos(id_modulo, nombre, status) VALUES
(1, 'Clientes',1),
(2, 'Ventas',1),
(3, 'Compras',1),
(4, 'Metodo pago',1),
(5, 'Moneda',1),
(6, 'Producto',1),
(7, 'Laboratorio',1),
(8, 'Proveedor',1),
(9, 'Clase',1),
(10,'Tipo',1),
(11,'Presentacion',1),
(12,'Reportes',1),
(13,'Usuarios',1),
(14,'Bitacora',1),
(15,'Bancos',1),
(16,'Cuentas farmacia', 1),
(17,'Roles', 1),
(18,'Empresa de Envio',1),
(19,'Sedes de Envio',1);

INSERT INTO permisos(id_rol, id_modulo, nombre_accion, status) VALUES 
(1, 1, 'Registrar', '1'),
(1, 1, 'Editar', '1'),
(1, 1, 'Eliminar', '1'),
(1, 1, 'Consultar', '1'),
(1, 2, 'Registrar', '1'),
(1, 2, 'Editar', '0'),
(1, 2, 'Eliminar', '1'),
(1, 2, 'Consultar', '1'),
(1, 3, 'Registrar', '1'),
(1, 3, 'Editar', '1'),
(1, 3, 'Eliminar', '1'),
(1, 3, 'Consultar', '1'),
(1, 4, 'Registrar', '1'),
(1, 4, 'Editar', '1'),
(1, 4, 'Eliminar', '1'),
(1, 4, 'Consultar', '1'),
(1, 5, 'Registrar', '1'),
(1, 5, 'Editar', '1'),
(1, 5, 'Eliminar', '1'),
(1, 5, 'Consultar', '1'),
(1, 6, 'Registrar', '1'),
(1, 6, 'Editar', '1'),
(1, 6, 'Eliminar', '1'),
(1, 6, 'Consultar', '1'),
(1, 7, 'Registrar', '1'),
(1, 7, 'Editar', '1'),
(1, 7, 'Eliminar', '1'),
(1, 7, 'Consultar', '1'),
(1, 8, 'Registrar', '1'),
(1, 8, 'Editar', '1'),
(1, 8, 'Eliminar', '1'),
(1, 8, 'Consultar', '1'),
(1, 9, 'Registrar', '1'),
(1, 9, 'Editar', '1'),
(1, 9, 'Eliminar', '1'),
(1, 9, 'Consultar', '1'),
(1, 10, 'Registrar', '1'),
(1, 10, 'Editar', '1'),
(1, 10, 'Eliminar', '1'),
(1, 10, 'Consultar', '1'),
(1, 11, 'Registrar', '1'),
(1, 11, 'Editar', '1'),
(1, 11, 'Eliminar', '1'),
(1, 11, 'Consultar', '1'),
(1, 12, 'Consultar', '1'),
(1, 12, 'Exportar reporte', '1'),
(1, 12, 'Exportar reporte estadistico', '1'),
(1, 13, 'Registrar', '1'),
(1, 13, 'Editar', '1'),
(1, 13, 'Eliminar', '1'),
(1, 13, 'Consultar', '1'),
(1, 14, 'Consultar', '1'),
(1, 15, 'Registrar', '1'),
(1, 15, 'Editar', '1'),
(1, 15, 'Eliminar', '1'),
(1, 15, 'Consultar', '1'),
(1, 16, 'Registrar', '1'),
(1, 16, 'Editar', '1'),
(1, 16, 'Eliminar', '1'),
(1, 16, 'Consultar', '1'),
(1, 17, 'Modificar acceso', '1'),
(1, 17, 'Modificar acciones', '1'),
(1, 17, 'Consultar', '1'),
(1, 18, 'Registrar', '1'),
(1, 18, 'Editar', '1'),
(1, 18, 'Eliminar', '1'),
(1, 18, 'Consultar', '1'),
(1, 19, 'Registrar', '1'),
(1, 19, 'Editar', '1'),
(1, 19, 'Eliminar', '1'),
(1, 19, 'Consultar', '1');
INSERT INTO permisos(id_rol, id_modulo, nombre_accion, status) VALUES 
(2, 1, 'Registrar', '1'),
(2, 1, 'Editar', '1'),
(2, 1, 'Eliminar', '1'),
(2, 1, 'Consultar', '1'),
(2, 2, 'Registrar', '1'),
(2, 2, 'Editar', '1'),
(2, 2, 'Eliminar', '1'),
(2, 2, 'Consultar', '1'),
(2, 3, 'Registrar', '1'),
(2, 3, 'Editar', '1'),
(2, 3, 'Eliminar', '1'),
(2, 3, 'Consultar', '1'),
(2, 4, 'Registrar', '1'),
(2, 4, 'Editar', '1'),
(2, 4, 'Eliminar', '1'),
(2, 4, 'Consultar', '1'),
(2, 5, 'Registrar', '1'),
(2, 5, 'Editar', '1'),
(2, 5, 'Eliminar', '1'),
(2, 5, 'Consultar', '1'),
(2, 6, 'Registrar', '1'),
(2, 6, 'Editar', '1'),
(2, 6, 'Eliminar', '1'),
(2, 6, 'Consultar', '1'),
(2, 7, 'Registrar', '1'),
(2, 7, 'Editar', '1'),
(2, 7, 'Eliminar', '1'),
(2, 7, 'Consultar', '1'),
(2, 8, 'Registrar', '1'),
(2, 8, 'Editar', '1'),
(2, 8, 'Eliminar', '1'),
(2, 8, 'Consultar', '1'),
(2, 9, 'Registrar', '1'),
(2, 9, 'Editar', '1'),
(2, 9, 'Eliminar', '1'),
(2, 9, 'Consultar', '1'),
(2, 10, 'Registrar', '1'),
(2, 10, 'Editar', '1'),
(2, 10, 'Eliminar', '1'),
(2, 10, 'Consultar', '1'),
(2, 11, 'Registrar', '1'),
(2, 11, 'Editar', '1'),
(2, 11, 'Eliminar', '1'),
(2, 11, 'Consultar', '1'),
(2, 12, 'Consultar', '1'),
(2, 12, 'Exportar reporte', '1'),
(2, 12, 'Exportar reporte estadistico', '1'),
(2, 13, 'Registrar', '1'),
(2, 13, 'Editar', '1'),
(2, 13, 'Eliminar', '1'),
(2, 13, 'Consultar', '1'),
(2, 14, 'Consultar', '1'),
(2, 15, 'Registrar', '1'),
(2, 15, 'Editar', '1'),
(2, 15, 'Eliminar', '1'),
(2, 15, 'Consultar', '1'),
(2, 16, 'Registrar', '1'),
(2, 16, 'Editar', '1'),
(2, 16, 'Eliminar', '1'),
(2, 16, 'Consultar', '1'),
(2, 17, 'Modificar acceso', '1'),
(2, 17, 'Modificar acciones', '1'),
(2, 17, 'Consultar', '1'),
(2, 18, 'Registrar', '1'),
(2, 18, 'Editar', '1'),
(2, 18, 'Eliminar', '1'),
(2, 18, 'Consultar', '1'),
(2, 19, 'Registrar', '1'),
(2, 19, 'Editar', '1'),
(2, 19, 'Eliminar', '1'),
(2, 19, 'Consultar', '1');
INSERT INTO permisos(id_rol, id_modulo, nombre_accion, status) VALUES 
(3, 1, 'Registrar', '1'),
(3, 1, 'Editar', '1'),
(3, 1, 'Eliminar', '1'),
(3, 1, 'Consultar', '1'),
(3, 2, 'Registrar', '1'),
(3, 2, 'Editar', '1'),
(3, 2, 'Eliminar', '1'),
(3, 2, 'Consultar', '1'),
(3, 3, 'Registrar', '1'),
(3, 3, 'Editar', '1'),
(3, 3, 'Eliminar', '1'),
(3, 3, 'Consultar', '1'),
(3, 4, 'Registrar', '1'),
(3, 4, 'Editar', '1'),
(3, 4, 'Eliminar', '1'),
(3, 4, 'Consultar', '1'),
(3, 5, 'Registrar', '1'),
(3, 5, 'Editar', '1'),
(3, 5, 'Eliminar', '1'),
(3, 5, 'Consultar', '1'),
(3, 6, 'Registrar', '1'),
(3, 6, 'Editar', '1'),
(3, 6, 'Eliminar', '1'),
(3, 6, 'Consultar', '1'),
(3, 7, 'Registrar', '1'),
(3, 7, 'Editar', '1'),
(3, 7, 'Eliminar', '1'),
(3, 7, 'Consultar', '1'),
(3, 8, 'Registrar', '1'),
(3, 8, 'Editar', '1'),
(3, 8, 'Eliminar', '1'),
(3, 8, 'Consultar', '1'),
(3, 9, 'Registrar', '1'),
(3, 9, 'Editar', '1'),
(3, 9, 'Eliminar', '1'),
(3, 9, 'Consultar', '1'),
(3, 10, 'Registrar', '1'),
(3, 10, 'Editar', '1'),
(3, 10, 'Eliminar', '1'),
(3, 10, 'Consultar', '1'),
(3, 11, 'Registrar', '1'),
(3, 11, 'Editar', '1'),
(3, 11, 'Eliminar', '1'),
(3, 11, 'Consultar', '1'),
(3, 12, 'Consultar', '1'),
(3, 12, 'Exportar reporte', '1'),
(3, 12, 'Exportar reporte estadistico', '1'),
(3, 13, 'Registrar', '1'),
(3, 13, 'Editar', '1'),
(3, 13, 'Eliminar', '1'),
(3, 13, 'Consultar', '1'),
(3, 14, 'Consultar', '1'),
(3, 15, 'Registrar', '1'),
(3, 15, 'Editar', '1'),
(3, 15, 'Eliminar', '1'),
(3, 15, 'Consultar', '1'),
(3, 16, 'Registrar', '1'),
(3, 16, 'Editar', '1'),
(3, 16, 'Eliminar', '1'),
(3, 16, 'Consultar', '1'),
(3, 17, 'Modificar acceso', '1'),
(3, 17, 'Modificar acciones', '1'),
(3, 17, 'Consultar', '1'),
(3, 18, 'Registrar', '1'),
(3, 18, 'Editar', '1'),
(3, 18, 'Eliminar', '1'),
(3, 18, 'Consultar', '1'),
(3, 19, 'Registrar', '1'),
(3, 19, 'Editar', '1'),
(3, 19, 'Eliminar', '1'),
(3, 19, 'Consultar', '1');